Date,Open,Close,High,Low,Volume
2021-02-08,1.006,1.001,1.012,0.993,8808050
2021-02-09,1.005,1.008,1.014,0.999,6368694
2021-02-10,1.02,1.044,1.045,1.02,8463041
2021-02-18,1.1,1.069,1.109,1.066,13076993
2021-02-19,1.069,1.064,1.069,1.037,6962408
2021-02-22,1.08,1.034,1.084,1.033,7939962
2021-02-23,1.014,1.012,1.026,1.001,7142315
2021-02-24,1.015,0.959,1.019,0.956,13548894
2021-02-25,0.975,0.96,0.978,0.954,8453387
2021-02-26,0.92,0.919,0.938,0.916,9289903
2021-03-01,0.934,0.941,0.944,0.93,6250655
2021-03-02,0.968,0.951,0.975,0.938,9613582
2021-03-03,0.944,0.949,0.953,0.934,5311056
2021-03-04,0.931,0.911,0.935,0.909,8575561
2021-03-05,0.885,0.901,0.909,0.872,9359131
2021-03-08,0.909,0.851,0.912,0.851,10460364
2021-03-09,0.845,0.835,0.868,0.811,12618325
2021-03-10,0.873,0.857,0.876,0.856,10260070
2021-03-11,0.86,0.893,0.899,0.859,12912105
2021-03-12,0.915,0.897,0.921,0.893,9383583
2021-03-15,0.894,0.861,0.895,0.856,9289668
2021-03-16,0.874,0.882,0.888,0.873,6560590
2021-03-17,0.883,0.888,0.899,0.876,6278644
2021-03-18,0.903,0.911,0.914,0.899,6298567
2021-03-19,0.887,0.883,0.9,0.88,7798085
2021-03-22,0.886,0.894,0.905,0.886,5387155
2021-03-23,0.901,0.867,0.902,0.861,9932773
2021-03-24,0.864,0.846,0.878,0.843,8029911
2021-03-25,0.824,0.834,0.839,0.813,10583812
2021-03-26,0.84,0.854,0.863,0.838,8867207
2021-03-29,0.853,0.838,0.857,0.833,8258397
2021-03-30,0.85,0.857,0.862,0.845,6131504
2021-03-31,0.866,0.859,0.874,0.856,6649814
2021-04-01,0.872,0.892,0.894,0.87,7003660
2021-04-02,0.901,0.897,0.904,0.895,2286940
2021-04-06,0.901,0.895,0.904,0.889,1521146
2021-04-07,0.901,0.885,0.903,0.881,5744349
2021-04-08,0.878,0.886,0.892,0.876,4043282
2021-04-09,0.889,0.871,0.889,0.868,2904758
2021-04-12,0.875,0.856,0.879,0.855,3536322
2021-04-13,0.86,0.846,0.862,0.841,4247181
2021-04-14,0.854,0.861,0.865,0.854,3447223
2021-04-15,0.86,0.851,0.86,0.842,3798815
2021-04-16,0.852,0.857,0.862,0.849,3796366
2021-04-19,0.855,0.87,0.876,0.851,4216299
2021-04-20,0.863,0.861,0.868,0.86,3479541
2021-04-21,0.852,0.848,0.853,0.842,4607181
2021-04-22,0.854,0.855,0.858,0.849,3044006
2021-04-23,0.859,0.87,0.876,0.857,4309093
2021-04-26,0.879,0.877,0.889,0.875,4524645
2021-04-27,0.874,0.875,0.879,0.869,3147830
2021-04-28,0.878,0.875,0.88,0.871,2820522
2021-04-29,0.881,0.873,0.882,0.869,2757628
2021-04-30,0.865,0.854,0.866,0.852,3432746
2021-05-06,0.844,0.838,0.848,0.833,5685516
2021-05-07,0.842,0.822,0.844,0.82,4246661
2021-05-10,0.821,0.803,0.824,0.8,8635071
2021-05-11,0.787,0.784,0.787,0.769,8474248
2021-05-12,0.788,0.804,0.805,0.788,6710954
2021-05-13,0.791,0.787,0.795,0.785,5940099
2021-05-14,0.78,0.783,0.784,0.767,9030056
2021-05-17,0.785,0.789,0.796,0.784,8317052
2021-05-18,0.794,0.797,0.799,0.793,4274917
2021-05-19,0.796,0.797,0.801,0.796,2981006
2021-05-20,0.798,0.812,0.814,0.797,5920949
2021-05-21,0.821,0.816,0.826,0.812,6661954
2021-05-24,0.807,0.806,0.816,0.801,6029106
2021-05-25,0.809,0.816,0.82,0.805,8804657
2021-05-26,0.821,0.825,0.829,0.819,10451545
2021-05-27,0.825,0.822,0.826,0.819,6772647
2021-05-28,0.827,0.811,0.828,0.806,6932044
2021-05-31,0.816,0.822,0.824,0.815,6297488
2021-06-01,0.828,0.847,0.85,0.828,10172137
2021-06-02,0.852,0.844,0.856,0.842,6944540
2021-06-03,0.844,0.834,0.85,0.833,4975098
2021-06-04,0.828,0.83,0.838,0.823,6377325
2021-06-07,0.832,0.825,0.832,0.819,5245372
2021-06-08,0.827,0.816,0.829,0.814,6291304
2021-06-09,0.817,0.815,0.821,0.813,4040818
2021-06-10,0.818,0.816,0.823,0.816,4971391
2021-06-11,0.823,0.816,0.825,0.815,4222656
2021-06-15,0.82,0.814,0.823,0.81,3677185
2021-06-16,0.812,0.802,0.812,0.801,3963824
2021-06-17,0.798,0.805,0.807,0.796,3310792
2021-06-18,0.817,0.819,0.823,0.815,4659035
2021-06-21,0.812,0.813,0.816,0.809,4314580
2021-06-22,0.815,0.804,0.816,0.802,5311650
2021-06-23,0.807,0.819,0.82,0.804,5676638
2021-06-24,0.822,0.819,0.826,0.817,3973805
2021-06-25,0.825,0.837,0.838,0.825,7524775
2021-06-28,0.843,0.84,0.846,0.838,4995662
2021-06-29,0.842,0.831,0.848,0.831,4782692
2021-06-30,0.839,0.833,0.842,0.831,3085879
2021-07-01,0.833,0.829,0.834,0.827,1928612
2021-07-02,0.829,0.808,0.829,0.807,5580265
2021-07-05,0.804,0.789,0.804,0.784,8252001
2021-07-06,0.79,0.787,0.791,0.779,7037513
2021-07-07,0.78,0.776,0.781,0.773,7490281
2021-07-08,0.774,0.765,0.776,0.764,7373497
2021-07-09,0.755,0.764,0.766,0.737,14589860
2021-07-12,0.773,0.77,0.776,0.764,6332809
2021-07-13,0.773,0.787,0.792,0.77,9160704
2021-07-14,0.788,0.786,0.789,0.783,5054975
2021-07-15,0.788,0.785,0.792,0.784,4471795
2021-07-16,0.783,0.781,0.787,0.778,4814723
2021-07-19,0.773,0.764,0.773,0.761,6022679
2021-07-20,0.759,0.755,0.767,0.75,6067449
2021-07-21,0.76,0.747,0.761,0.745,9605092
2021-07-22,0.755,0.761,0.763,0.754,6233364
2021-07-23,0.765,0.75,0.765,0.749,5154580
2021-07-26,0.73,0.706,0.731,0.696,21842821
2021-07-27,0.69,0.651,0.7,0.649,25849996
2021-07-28,0.662,0.663,0.672,0.648,21416054
2021-07-29,0.695,0.706,0.713,0.691,20498776
2021-07-30,0.697,0.689,0.699,0.682,13717351
2021-08-02,0.695,0.702,0.704,0.69,11940809
2021-08-03,0.705,0.691,0.705,0.676,18729400
2021-08-04,0.686,0.702,0.708,0.683,13673746
2021-08-05,0.7,0.684,0.708,0.684,14014198
2021-08-06,0.69,0.689,0.692,0.683,9398601
2021-08-09,0.68,0.686,0.695,0.677,9790596
2021-08-10,0.695,0.705,0.707,0.692,11148048
2021-08-11,0.705,0.704,0.71,0.701,10707208
2021-08-12,0.701,0.697,0.707,0.696,7014544
2021-08-13,0.69,0.681,0.692,0.679,10770240
2021-08-16,0.68,0.665,0.68,0.663,12268282
2021-08-17,0.659,0.64,0.663,0.637,19088671
2021-08-18,0.642,0.643,0.648,0.639,10579064
2021-08-19,0.642,0.627,0.647,0.626,14512305
2021-08-20,0.621,0.615,0.625,0.604,29345097
2021-08-23,0.625,0.624,0.637,0.622,16837524
2021-08-24,0.636,0.658,0.658,0.635,19997401
2021-08-25,0.678,0.661,0.683,0.66,23267290
2021-08-26,0.666,0.651,0.667,0.65,11997497
2021-08-27,0.653,0.651,0.668,0.651,10776514
2021-08-30,0.655,0.654,0.659,0.648,13054614
2021-08-31,0.659,0.672,0.672,0.645,20879678
2021-09-01,0.679,0.685,0.693,0.674,21586640
2021-09-02,0.7,0.694,0.707,0.69,18507864
2021-09-03,0.692,0.685,0.693,0.682,13684138
2021-09-06,0.686,0.694,0.697,0.685,11961958
2021-09-07,0.7,0.71,0.713,0.7,16295513
2021-09-08,0.716,0.708,0.716,0.704,11581971
2021-09-09,0.694,0.68,0.694,0.679,16069550
2021-09-10,0.683,0.687,0.693,0.682,11739128
2021-09-13,0.68,0.672,0.682,0.667,15157576
2021-09-14,0.677,0.667,0.679,0.665,11767817
2021-09-15,0.658,0.65,0.662,0.648,19059836
2021-09-16,0.649,0.634,0.651,0.631,24585042
2021-09-17,0.64,0.658,0.66,0.637,18114343
2021-09-22,0.639,0.65,0.65,0.639,6326029
2021-09-23,0.656,0.645,0.661,0.642,17408914
2021-09-24,0.647,0.638,0.651,0.637,14025876
2021-09-27,0.638,0.631,0.644,0.63,18335737
2021-09-28,0.637,0.647,0.652,0.636,19770178
2021-09-29,0.636,0.635,0.637,0.626,21064024
2021-09-30,0.627,0.629,0.63,0.624,18099618
2021-10-08,0.653,0.641,0.656,0.637,17531597
2021-10-11,0.654,0.66,0.668,0.651,26815810
2021-10-12,0.652,0.647,0.658,0.646,19463502
2021-10-13,0.643,0.652,0.656,0.643,9626858
2021-10-14,0.657,0.658,0.66,0.655,6110518
2021-10-15,0.657,0.655,0.658,0.649,24563821
2021-10-18,0.659,0.652,0.661,0.647,18282724
2021-10-19,0.66,0.673,0.673,0.658,15245405
2021-10-20,0.686,0.687,0.694,0.683,16595758
2021-10-21,0.689,0.681,0.693,0.677,12113183
2021-10-22,0.687,0.694,0.698,0.687,12984252
2021-10-25,0.691,0.697,0.7,0.688,11905609
2021-10-26,0.695,0.685,0.699,0.684,9822101
2021-10-27,0.675,0.666,0.676,0.664,11772922
2021-10-28,0.671,0.667,0.678,0.665,9890688
2021-10-29,0.667,0.662,0.668,0.66,10638959
2021-11-01,0.658,0.652,0.658,0.647,16461881
2021-11-02,0.668,0.656,0.674,0.656,15631108
2021-11-03,0.653,0.652,0.659,0.645,15791311
2021-11-04,0.659,0.658,0.664,0.657,14033166
2021-11-05,0.655,0.652,0.661,0.651,11322896
2021-11-08,0.647,0.643,0.649,0.642,13394768
2021-11-09,0.648,0.645,0.65,0.638,12388085
2021-11-10,0.645,0.65,0.65,0.64,14332389
2021-11-11,0.649,0.669,0.67,0.648,19236669
2021-11-12,0.678,0.673,0.679,0.67,12972021
2021-11-15,0.678,0.676,0.681,0.673,8277370
2021-11-16,0.678,0.685,0.691,0.676,22857561
2021-11-17,0.686,0.686,0.688,0.68,9355402
2021-11-18,0.674,0.668,0.675,0.665,12668321
2021-11-19,0.655,0.661,0.663,0.653,17351496
2021-11-22,0.663,0.657,0.667,0.656,14160456
2021-11-23,0.648,0.651,0.652,0.648,16433029
2021-11-24,0.65,0.652,0.656,0.647,18720209
2021-11-25,0.652,0.654,0.655,0.648,13558579
2021-11-26,0.649,0.64,0.649,0.637,20596437
2021-11-29,0.631,0.626,0.638,0.623,28374598
2021-11-30,0.625,0.611,0.628,0.606,36839608
2021-12-01,0.615,0.623,0.624,0.613,21507577
2021-12-02,0.615,0.618,0.62,0.613,17531109
2021-12-03,0.613,0.606,0.614,0.601,32390016
2021-12-06,0.59,0.585,0.597,0.584,39128900
2021-12-07,0.596,0.604,0.605,0.589,31599105
2021-12-08,0.609,0.606,0.61,0.603,20663052
2021-12-09,0.609,0.613,0.615,0.609,20232399
2021-12-10,0.611,0.609,0.617,0.608,16415839
2021-12-13,0.615,0.61,0.62,0.609,21799982
2021-12-14,0.602,0.593,0.605,0.592,31936163
2021-12-15,0.593,0.583,0.597,0.583,30540310
2021-12-16,0.582,0.581,0.583,0.573,37955483
2021-12-17,0.579,0.572,0.58,0.571,32541037
2021-12-20,0.571,0.557,0.574,0.556,43906015
2021-12-21,0.553,0.565,0.565,0.551,32938424
2021-12-22,0.575,0.569,0.578,0.567,26638856
2021-12-23,0.57,0.567,0.574,0.562,22874938
2021-12-24,0.571,0.564,0.572,0.562,12563210
2021-12-27,0.565,0.565,0.568,0.564,8936837
2021-12-28,0.566,0.56,0.568,0.555,21813861
2021-12-29,0.557,0.551,0.559,0.55,21661170
2021-12-30,0.549,0.551,0.556,0.547,22089661
2021-12-31,0.57,0.572,0.573,0.567,33708336
2022-01-04,0.57,0.563,0.572,0.561,18647546
2022-01-05,0.556,0.541,0.557,0.541,35695463
2022-01-06,0.536,0.535,0.542,0.531,35757499
2022-01-07,0.548,0.553,0.555,0.545,38745025
2022-01-10,0.554,0.566,0.569,0.551,33000203
2022-01-11,0.565,0.562,0.569,0.56,31234056
2022-01-12,0.577,0.588,0.59,0.576,42127216
2022-01-13,0.593,0.583,0.595,0.581,27982449
2022-01-14,0.571,0.579,0.581,0.569,29475858
2022-01-17,0.58,0.579,0.584,0.576,26290345
2022-01-18,0.582,0.579,0.591,0.578,27184323
2022-01-19,0.578,0.572,0.585,0.57,29105765
2022-01-20,0.576,0.596,0.597,0.574,40387166
2022-01-21,0.591,0.597,0.601,0.589,36751973
2022-01-24,0.587,0.58,0.588,0.578,40223244
2022-01-25,0.57,0.563,0.572,0.563,44623073
2022-01-26,0.566,0.568,0.574,0.562,38064583
2022-01-27,0.555,0.543,0.558,0.54,53510676
2022-01-28,0.545,0.541,0.546,0.532,44344128
2022-02-07,0.563,0.561,0.566,0.558,27101058
2022-02-08,0.56,0.558,0.562,0.552,22065937
2022-02-09,0.569,0.578,0.58,0.568,27657680
2022-02-10,0.588,0.581,0.588,0.575,24055213
2022-02-11,0.577,0.575,0.585,0.573,24313947
2022-02-14,0.569,0.567,0.572,0.563,25703158
2022-02-15,0.565,0.566,0.572,0.563,28530580
2022-02-16,0.575,0.576,0.579,0.573,24441408
2022-02-17,0.575,0.576,0.582,0.573,25951727
2022-02-18,0.573,0.57,0.581,0.569,25049427
2022-02-21,0.555,0.549,0.559,0.548,42612996
2022-02-22,0.537,0.534,0.541,0.53,49255078
2022-02-23,0.536,0.545,0.545,0.534,35207273
2022-02-24,0.532,0.524,0.535,0.516,73219067
2022-02-25,0.53,0.525,0.533,0.523,32783205
2022-02-28,0.526,0.52,0.527,0.516,34416933
2022-03-01,0.524,0.531,0.531,0.522,31672376
2022-03-02,0.526,0.519,0.529,0.518,34023565
2022-03-03,0.52,0.51,0.522,0.509,40229955
2022-03-04,0.494,0.487,0.495,0.485,65172012
2022-03-07,0.471,0.468,0.474,0.459,77387254
2022-03-08,0.467,0.454,0.472,0.45,72918610
2022-03-09,0.458,0.454,0.463,0.441,70871037
2022-03-10,0.47,0.457,0.473,0.455,55279201
2022-03-11,0.433,0.441,0.444,0.428,79243167
2022-03-14,0.425,0.406,0.426,0.405,88233664
2022-03-15,0.384,0.367,0.405,0.365,153701286
2022-03-16,0.384,0.404,0.404,0.376,110008566
2022-03-17,0.444,0.444,0.444,0.444,7908575
2022-03-18,0.443,0.468,0.473,0.44,175622828
2022-03-21,0.48,0.458,0.481,0.455,95054623
2022-03-22,0.458,0.47,0.475,0.457,85214124
2022-03-23,0.49,0.5,0.51,0.49,125709716
2022-03-24,0.493,0.485,0.499,0.484,73672696
2022-03-25,0.478,0.456,0.485,0.454,101802798
2022-03-28,0.459,0.468,0.478,0.452,94270915
2022-03-29,0.476,0.48,0.482,0.472,67308948
2022-03-30,0.492,0.484,0.495,0.478,73859443
2022-03-31,0.48,0.472,0.482,0.469,41917422
2022-04-01,0.458,0.467,0.47,0.455,59264914
2022-04-06,0.48,0.479,0.483,0.476,43551380
2022-04-07,0.469,0.465,0.482,0.465,54659604
2022-04-08,0.46,0.456,0.462,0.451,48715382
2022-04-11,0.452,0.433,0.452,0.433,47155566
2022-04-12,0.442,0.446,0.449,0.429,79406374
2022-04-13,0.438,0.444,0.45,0.436,49058138
2022-04-14,0.45,0.446,0.451,0.443,35810902
2022-04-15,0.438,0.437,0.439,0.434,15129916
2022-04-18,0.432,0.433,0.434,0.43,10644082
2022-04-19,0.435,0.432,0.438,0.429,27493590
2022-04-20,0.433,0.432,0.44,0.43,33523117
2022-04-21,0.422,0.416,0.425,0.412,55767375
2022-04-22,0.403,0.415,0.42,0.402,64923604
2022-04-25,0.409,0.402,0.416,0.401,47931302
2022-04-26,0.411,0.416,0.426,0.41,61832722
2022-04-27,0.413,0.425,0.428,0.411,78657091
2022-04-28,0.433,0.432,0.436,0.424,57525824
2022-04-29,0.436,0.475,0.475,0.435,106970196
2022-05-05,0.472,0.465,0.475,0.465,49904837
2022-05-06,0.446,0.441,0.451,0.44,63794650
2022-05-09,0.432,0.43,0.435,0.429,19027644
2022-05-10,0.418,0.43,0.433,0.416,83326490
2022-05-11,0.427,0.44,0.455,0.426,110308908
2022-05-12,0.432,0.431,0.442,0.428,89605020
2022-05-13,0.441,0.448,0.449,0.44,68079713
2022-05-16,0.464,0.449,0.465,0.447,53003026
2022-05-17,0.459,0.473,0.473,0.457,64811607
2022-05-18,0.473,0.468,0.475,0.463,68545326
2022-05-19,0.451,0.456,0.458,0.45,66169610
2022-05-20,0.468,0.469,0.469,0.464,47578473
2022-05-23,0.466,0.46,0.468,0.457,47673741
2022-05-24,0.456,0.442,0.463,0.441,59970463
2022-05-25,0.442,0.447,0.449,0.441,45140751
2022-05-26,0.449,0.447,0.451,0.439,54846175
2022-05-27,0.47,0.462,0.473,0.46,62184461
2022-05-30,0.47,0.475,0.477,0.468,46579727
2022-05-31,0.475,0.49,0.494,0.474,69958469
2022-06-01,0.488,0.488,0.496,0.485,42341576
2022-06-02,0.481,0.487,0.487,0.48,40010003
2022-06-06,0.492,0.499,0.5,0.488,56071462
2022-06-07,0.506,0.51,0.518,0.504,81351475
2022-06-08,0.521,0.532,0.532,0.52,78530355
2022-06-09,0.546,0.524,0.549,0.523,77357402
2022-06-10,0.516,0.537,0.541,0.514,70387108
2022-06-13,0.522,0.519,0.533,0.514,68156969
2022-06-14,0.511,0.519,0.521,0.504,79720566
2022-06-15,0.526,0.523,0.53,0.522,70250862
2022-06-16,0.531,0.506,0.531,0.506,76279629
2022-06-17,0.501,0.515,0.518,0.499,80522501
2022-06-20,0.514,0.514,0.517,0.504,68139525
2022-06-21,0.517,0.52,0.525,0.51,57424860
2022-06-22,0.522,0.509,0.523,0.508,48570258
2022-06-23,0.512,0.517,0.519,0.506,75267287
2022-06-24,0.523,0.534,0.536,0.521,60911306
2022-06-27,0.54,0.548,0.559,0.54,93315948
2022-06-28,0.547,0.551,0.553,0.536,70692634
2022-06-29,0.543,0.533,0.55,0.532,60734950
2022-06-30,0.535,0.527,0.541,0.523,65750756
2022-07-01,0.529,0.524,0.53,0.519,17297250
2022-07-04,0.526,0.533,0.535,0.524,48332083
2022-07-05,0.54,0.533,0.544,0.53,54332099
2022-07-06,0.535,0.52,0.536,0.515,58833782
2022-07-07,0.517,0.521,0.525,0.51,56652145
2022-07-08,0.529,0.523,0.531,0.521,54668915
2022-07-11,0.517,0.498,0.517,0.498,69942758
2022-07-12,0.495,0.492,0.499,0.488,75006536
2022-07-13,0.495,0.496,0.502,0.492,45605045
2022-07-14,0.496,0.496,0.502,0.492,41224241
2022-07-15,0.49,0.483,0.494,0.482,47347125
2022-07-18,0.486,0.498,0.498,0.479,56186449
2022-07-19,0.495,0.492,0.497,0.488,40622618
2022-07-20,0.501,0.504,0.506,0.5,34217773
2022-07-21,0.5,0.502,0.508,0.499,46146996
2022-07-22,0.508,0.505,0.511,0.502,39057627
2022-07-25,0.501,0.496,0.502,0.491,40323094
2022-07-26,0.499,0.505,0.507,0.497,40017506
2022-07-27,0.498,0.496,0.502,0.495,35680740
2022-07-28,0.5,0.495,0.501,0.495,35633414
2022-07-29,0.497,0.469,0.497,0.467,81771809
2022-08-01,0.465,0.469,0.472,0.462,46009175
2022-08-02,0.46,0.454,0.46,0.449,57537248
2022-08-03,0.462,0.462,0.468,0.46,57059558
2022-08-04,0.474,0.476,0.479,0.471,41981214
2022-08-05,0.482,0.479,0.482,0.474,32943848
2022-08-08,0.474,0.47,0.476,0.468,40483076
2022-08-09,0.468,0.466,0.47,0.462,39778920
2022-08-10,0.462,0.45,0.464,0.449,41102295
2022-08-11,0.457,0.464,0.465,0.457,40622444
2022-08-12,0.467,0.467,0.469,0.463,36209999
2022-08-15,0.464,0.468,0.474,0.463,32829359
2022-08-16,0.471,0.455,0.474,0.452,49391223
2022-08-17,0.461,0.46,0.463,0.455,38950905
2022-08-18,0.46,0.455,0.461,0.454,27684177
2022-08-19,0.452,0.456,0.463,0.451,36134610
2022-08-22,0.453,0.458,0.461,0.452,36998710
2022-08-23,0.458,0.455,0.462,0.454,28330425
2022-08-24,0.458,0.446,0.459,0.444,46541321
2022-08-25,0.453,0.469,0.469,0.451,46976581
2022-08-26,0.482,0.475,0.483,0.473,47064768
2022-08-29,0.473,0.479,0.482,0.471,42454825
2022-08-30,0.48,0.472,0.48,0.464,48762544
2022-08-31,0.464,0.479,0.487,0.463,57138767
2022-09-01,0.475,0.469,0.481,0.468,51691371
2022-09-02,0.471,0.465,0.474,0.46,50402586
2022-09-05,0.458,0.458,0.46,0.454,52857014
2022-09-06,0.46,0.459,0.462,0.454,34387994
2022-09-07,0.451,0.455,0.455,0.448,50988471
2022-09-08,0.456,0.45,0.457,0.45,28474332
2022-09-09,0.45,0.459,0.46,0.448,52696349
2022-09-13,0.461,0.456,0.462,0.455,23958108
2022-09-14,0.446,0.445,0.448,0.443,36594789
2022-09-15,0.444,0.444,0.447,0.443,29153360
2022-09-16,0.442,0.438,0.445,0.438,25841800
2022-09-19,0.433,0.426,0.434,0.424,38672898
2022-09-20,0.431,0.436,0.438,0.431,40775078
2022-09-21,0.432,0.429,0.433,0.426,30650565
2022-09-22,0.418,0.419,0.424,0.416,34215083
2022-09-23,0.418,0.416,0.421,0.414,27183082
2022-09-26,0.411,0.419,0.428,0.41,43283845
2022-09-27,0.422,0.423,0.424,0.415,41579323
2022-09-28,0.42,0.414,0.421,0.414,32459871
2022-09-29,0.421,0.406,0.422,0.403,42194942
2022-09-30,0.405,0.397,0.409,0.395,49209517
2022-10-10,0.398,0.395,0.401,0.394,36034073
2022-10-11,0.395,0.388,0.397,0.385,43467319
2022-10-12,0.384,0.397,0.4,0.375,67357490
2022-10-13,0.388,0.386,0.393,0.386,36800900
2022-10-14,0.393,0.395,0.4,0.39,41113201
2022-10-17,0.388,0.391,0.392,0.386,27271177
2022-10-18,0.4,0.4,0.402,0.394,41329402
2022-10-19,0.398,0.391,0.401,0.39,27483899
2022-10-20,0.383,0.384,0.39,0.378,54218589
2022-10-21,0.386,0.382,0.388,0.382,25440146
2022-10-24,0.378,0.36,0.382,0.359,52933009
2022-10-25,0.359,0.36,0.37,0.351,75317673
2022-10-26,0.359,0.364,0.374,0.358,59110182
2022-10-27,0.375,0.361,0.375,0.361,43588375
2022-10-28,0.359,0.348,0.361,0.347,36933794
2022-10-31,0.348,0.352,0.359,0.346,53957130
2022-11-01,0.355,0.372,0.378,0.354,67773281
2022-11-02,0.368,0.382,0.387,0.365,83559995
2022-11-03,0.373,0.374,0.384,0.373,44351454
2022-11-04,0.378,0.396,0.409,0.377,106612765
2022-11-07,0.39,0.403,0.41,0.389,92762270
2022-11-08,0.404,0.397,0.405,0.396,52207450
2022-11-09,0.398,0.387,0.402,0.386,48486530
2022-11-10,0.382,0.382,0.385,0.381,37522599
2022-11-11,0.41,0.399,0.412,0.397,61521948
2022-11-14,0.409,0.398,0.41,0.397,55294298
2022-11-15,0.397,0.423,0.428,0.396,116833546
2022-11-16,0.424,0.421,0.433,0.418,71600116
2022-11-17,0.421,0.422,0.423,0.41,62779938
2022-11-18,0.433,0.425,0.443,0.423,84520968
2022-11-21,0.416,0.417,0.421,0.41,50491409
2022-11-22,0.415,0.399,0.418,0.398,66725511
2022-11-23,0.402,0.408,0.41,0.398,70455136
2022-11-24,0.41,0.404,0.414,0.404,41946429
2022-11-25,0.407,0.4,0.408,0.397,38940051
2022-11-28,0.39,0.394,0.398,0.387,57897454
2022-11-29,0.404,0.414,0.416,0.401,75588554
2022-11-30,0.416,0.42,0.422,0.414,56312781
2022-12-01,0.441,0.437,0.447,0.433,84013799
2022-12-02,0.434,0.433,0.443,0.431,45447140
2022-12-05,0.45,0.461,0.462,0.444,79495261
2022-12-06,0.453,0.449,0.464,0.448,77751045
2022-12-07,0.451,0.447,0.469,0.447,104776414
2022-12-08,0.447,0.46,0.462,0.445,87542000
2022-12-09,0.466,0.472,0.477,0.458,92208382
2022-12-12,0.466,0.461,0.475,0.46,72074899
2022-12-13,0.46,0.466,0.473,0.458,72906846
2022-12-14,0.47,0.469,0.473,0.461,59246913
2022-12-15,0.468,0.455,0.468,0.455,62010431
2022-12-16,0.453,0.457,0.462,0.445,67206690
2022-12-19,0.461,0.457,0.472,0.455,58163231
2022-12-20,0.453,0.441,0.453,0.438,53624656
2022-12-21,0.444,0.442,0.448,0.441,37329850
2022-12-22,0.455,0.467,0.468,0.454,53138735
2022-12-23,0.46,0.462,0.47,0.458,33220080
2022-12-26,0.46,0.456,0.461,0.455,13754630
2022-12-27,0.46,0.465,0.466,0.459,14286839
2022-12-28,0.466,0.469,0.477,0.465,44087009
2022-12-29,0.463,0.462,0.467,0.459,35748587
2022-12-30,0.471,0.463,0.474,0.462,32769629
2023-01-03,0.459,0.47,0.473,0.451,57794744
2023-01-04,0.478,0.496,0.497,0.475,78658973
2023-01-05,0.515,0.504,0.521,0.503,67221629
2023-01-06,0.51,0.5,0.513,0.496,56805690
2023-01-09,0.508,0.507,0.512,0.502,53977409
2023-01-10,0.505,0.501,0.506,0.496,46489504
2023-01-11,0.506,0.503,0.513,0.502,47723581
2023-01-12,0.505,0.489,0.506,0.486,69762311
2023-01-13,0.491,0.494,0.495,0.485,47841777
2023-01-16,0.498,0.484,0.5,0.483,52127528
2023-01-17,0.486,0.486,0.496,0.483,48845765
2023-01-18,0.485,0.491,0.494,0.484,36921181
2023-01-19,0.488,0.486,0.488,0.481,46847232
2023-01-20,0.49,0.497,0.5,0.489,49425400
2023-01-30,0.514,0.499,0.516,0.498,77663152
2023-01-31,0.5,0.484,0.503,0.483,64324223
2023-02-01,0.493,0.504,0.506,0.488,74024024
2023-02-02,0.511,0.507,0.514,0.503,43853700
2023-02-03,0.499,0.499,0.503,0.492,56124274
2023-02-06,0.487,0.484,0.491,0.481,72616194
2023-02-07,0.487,0.49,0.498,0.485,55723150
2023-02-08,0.489,0.48,0.49,0.476,69496585
2023-02-09,0.477,0.49,0.491,0.474,73812264
2023-02-10,0.486,0.472,0.488,0.471,60982715
2023-02-13,0.466,0.475,0.478,0.464,59050490
2023-02-14,0.477,0.472,0.478,0.47,35592506
2023-02-15,0.473,0.468,0.474,0.463,45559941
2023-02-16,0.472,0.476,0.487,0.472,85956054
2023-02-17,0.476,0.467,0.481,0.466,47696363
2023-02-20,0.466,0.471,0.472,0.46,62841095
2023-02-21,0.468,0.456,0.469,0.454,68663587
2023-02-22,0.451,0.449,0.456,0.448,46518700
2023-02-23,0.449,0.451,0.456,0.448,39071191
2023-02-24,0.449,0.443,0.449,0.44,47696083
2023-02-27,0.436,0.435,0.445,0.434,61892203
2023-02-28,0.439,0.431,0.441,0.428,59794325
2023-03-01,0.432,0.45,0.451,0.43,100960610
2023-03-02,0.445,0.442,0.446,0.441,68277186
2023-03-03,0.452,0.454,0.457,0.446,69956721
2023-03-06,0.45,0.452,0.456,0.447,49976526
2023-03-07,0.451,0.441,0.459,0.439,88179360
2023-03-08,0.437,0.432,0.438,0.429,62287852
2023-03-09,0.432,0.431,0.435,0.429,46543965
2023-03-10,0.418,0.411,0.419,0.41,71156314
2023-03-13,0.414,0.42,0.425,0.413,85586238
2023-03-14,0.416,0.409,0.42,0.408,72102869
2023-03-15,0.417,0.414,0.423,0.413,74643996
2023-03-16,0.41,0.407,0.418,0.406,78867606
2023-03-17,0.417,0.421,0.426,0.415,78533277
2023-03-20,0.422,0.412,0.424,0.41,54246537
2023-03-21,0.418,0.42,0.42,0.412,59300524
2023-03-22,0.426,0.427,0.432,0.425,61769667
2023-03-23,0.425,0.44,0.441,0.424,88453014
2023-03-24,0.442,0.446,0.455,0.441,81233249
2023-03-27,0.448,0.441,0.45,0.435,84465204
2023-03-28,0.441,0.441,0.446,0.436,65994564
2023-03-29,0.464,0.454,0.465,0.453,80530319
2023-03-30,0.457,0.455,0.462,0.452,60676052
2023-03-31,0.464,0.462,0.466,0.459,62739764
2023-04-03,0.461,0.459,0.462,0.456,59654231
2023-04-04,0.458,0.457,0.46,0.45,65373535
2023-04-06,0.449,0.447,0.452,0.446,59283534
2023-04-07,0.451,0.456,0.456,0.451,21798717
2023-04-10,0.456,0.455,0.457,0.454,11970370
2023-04-11,0.456,0.447,0.459,0.443,63193777
2023-04-12,0.448,0.439,0.45,0.438,48005976
2023-04-13,0.43,0.431,0.435,0.427,58706918
2023-04-14,0.437,0.433,0.438,0.43,51881750
2023-04-17,0.43,0.439,0.44,0.429,60116737
2023-04-18,0.437,0.436,0.439,0.434,44342806
2023-04-19,0.436,0.43,0.436,0.429,38303695
2023-04-20,0.429,0.429,0.432,0.427,37572246
2023-04-21,0.426,0.417,0.427,0.416,44935078
2023-04-24,0.417,0.414,0.423,0.412,34403977
2023-04-25,0.414,0.408,0.414,0.401,64636800
2023-04-26,0.405,0.413,0.417,0.404,67816757
2023-04-27,0.411,0.409,0.412,0.407,38174553
2023-04-28,0.412,0.416,0.42,0.412,44277319
2023-05-04,0.41,0.409,0.415,0.407,43977884
2023-05-05,0.414,0.416,0.418,0.412,50909373
2023-05-08,0.417,0.414,0.419,0.412,39965400
2023-05-09,0.413,0.404,0.414,0.403,31442419
2023-05-10,0.405,0.405,0.406,0.4,29616778
2023-05-11,0.408,0.402,0.409,0.4,28785075
2023-05-12,0.41,0.408,0.413,0.407,48917545
2023-05-15,0.405,0.415,0.418,0.404,57458036
2023-05-16,0.421,0.418,0.422,0.417,31367785
2023-05-17,0.421,0.418,0.424,0.416,33872889
2023-05-18,0.419,0.417,0.42,0.414,35648829
2023-05-19,0.412,0.409,0.413,0.408,35559873
2023-05-22,0.41,0.419,0.42,0.407,55861721
2023-05-23,0.42,0.414,0.423,0.413,30012694
2023-05-24,0.411,0.409,0.413,0.408,36286171
2023-05-25,0.406,0.399,0.407,0.397,49651318
2023-05-26,0.398,0.398,0.399,0.395,12646620
2023-05-29,0.404,0.393,0.404,0.391,49473537
2023-05-30,0.394,0.399,0.399,0.39,49423649
2023-05-31,0.395,0.387,0.395,0.386,46885816
2023-06-01,0.389,0.396,0.403,0.389,75931116
2023-06-02,0.404,0.413,0.414,0.403,66123778
2023-06-05,0.412,0.413,0.416,0.409,40388707
2023-06-06,0.414,0.409,0.419,0.408,46117605
2023-06-07,0.419,0.419,0.423,0.416,52963523
2023-06-08,0.417,0.415,0.419,0.412,35741034
2023-06-09,0.419,0.424,0.425,0.414,48593724
2023-06-12,0.424,0.424,0.426,0.419,30120553
2023-06-13,0.424,0.435,0.438,0.424,69295511
2023-06-14,0.438,0.431,0.443,0.43,66167924
2023-06-15,0.441,0.447,0.448,0.44,78230354
2023-06-16,0.452,0.453,0.458,0.448,57362573
2023-06-19,0.45,0.442,0.451,0.439,44623229
2023-06-20,0.444,0.439,0.449,0.437,39431261
2023-06-21,0.431,0.424,0.433,0.423,48285223
2023-06-26,0.416,0.417,0.422,0.414,45736416
2023-06-27,0.418,0.426,0.428,0.418,52813407
2023-06-28,0.426,0.427,0.427,0.419,45765348
2023-06-29,0.425,0.418,0.426,0.418,35072144
2023-06-30,0.417,0.414,0.418,0.412,51516722
2023-07-03,0.416,0.426,0.426,0.415,52080756
2023-07-04,0.425,0.427,0.431,0.422,43131272
2023-07-05,0.426,0.421,0.429,0.42,25875527
2023-07-06,0.419,0.412,0.424,0.41,50837639
2023-07-07,0.411,0.411,0.416,0.404,59718062
2023-07-10,0.419,0.415,0.421,0.413,34787262
2023-07-11,0.42,0.419,0.422,0.417,31469398
2023-07-12,0.422,0.424,0.429,0.42,46717111
2023-07-13,0.434,0.443,0.445,0.434,63933472
2023-07-14,0.451,0.443,0.452,0.441,42988652
2023-07-17,0.44,0.436,0.441,0.435,9790154
2023-07-18,0.439,0.433,0.441,0.432,32869411
2023-07-19,0.427,0.434,0.434,0.424,62557932
2023-07-20,0.436,0.428,0.44,0.426,51717158
2023-07-21,0.426,0.43,0.435,0.425,45470067
2023-07-24,0.425,0.423,0.43,0.421,46096318
2023-07-25,0.438,0.444,0.445,0.437,69121684
2023-07-26,0.442,0.445,0.447,0.441,41500686
2023-07-27,0.45,0.448,0.452,0.444,54148279
2023-07-28,0.444,0.461,0.463,0.444,72973965
2023-07-31,0.473,0.472,0.481,0.47,74101761
2023-08-01,0.476,0.469,0.483,0.467,69074018
2023-08-02,0.467,0.456,0.471,0.455,62245485
2023-08-03,0.454,0.461,0.463,0.453,55163424
2023-08-04,0.468,0.465,0.472,0.461,59726261
2023-08-07,0.462,0.463,0.467,0.458,39590122
2023-08-08,0.457,0.453,0.459,0.452,44470972
2023-08-09,0.449,0.454,0.457,0.449,41767742
2023-08-10,0.453,0.455,0.456,0.449,44873340
2023-08-11,0.458,0.448,0.459,0.448,47083723
2023-08-14,0.439,0.441,0.443,0.437,52835097
2023-08-15,0.442,0.443,0.446,0.439,50107076
2023-08-16,0.438,0.435,0.44,0.434,48931621
2023-08-17,0.428,0.441,0.441,0.425,86365456
2023-08-18,0.436,0.426,0.438,0.425,59634245
2023-08-21,0.421,0.417,0.426,0.415,49951877
2023-08-22,0.42,0.423,0.426,0.413,77344686
2023-08-23,0.423,0.424,0.43,0.418,56877082
2023-08-24,0.428,0.439,0.441,0.428,71768773
2023-08-25,0.434,0.428,0.434,0.427,57348848
2023-08-28,0.446,0.434,0.447,0.433,71020708
2023-08-29,0.437,0.442,0.444,0.435,56576060
2023-08-30,0.447,0.437,0.448,0.436,49481592
2023-08-31,0.439,0.433,0.441,0.432,45264595
2023-09-01,0.435,0.436,0.437,0.433,15098874
2023-09-04,0.441,0.443,0.445,0.437,51772372
2023-09-05,0.441,0.439,0.442,0.437,34463401
2023-09-06,0.436,0.435,0.437,0.432,47959650
2023-09-07,0.435,0.429,0.436,0.427,35573028
2023-09-08,0.422,0.422,0.424,0.421,22723245
2023-09-11,0.42,0.425,0.428,0.418,65889857
2023-09-12,0.423,0.424,0.426,0.421,35550386
2023-09-13,0.424,0.419,0.425,0.417,36575751
2023-09-14,0.42,0.419,0.421,0.416,35281563
2023-09-15,0.42,0.421,0.424,0.416,49794064
2023-09-18,0.416,0.415,0.419,0.414,40550927
2023-09-19,0.414,0.411,0.415,0.409,38314418
2023-09-20,0.41,0.406,0.411,0.404,39676717
2023-09-21,0.402,0.397,0.403,0.396,51398139
2023-09-22,0.395,0.41,0.411,0.395,72691939
2023-09-25,0.409,0.404,0.41,0.403,41142276
2023-09-26,0.403,0.401,0.404,0.399,30290046
2023-09-27,0.401,0.402,0.406,0.4,41790631
2023-09-28,0.401,0.396,0.403,0.395,44020466
2023-10-09,0.398,0.399,0.402,0.396,26217307
2023-10-10,0.404,0.404,0.411,0.403,51321323
2023-10-11,0.412,0.412,0.414,0.41,47531344
2023-10-12,0.418,0.417,0.42,0.416,34258740
2023-10-13,0.407,0.402,0.409,0.4,56711069
2023-10-16,0.401,0.397,0.402,0.395,41188625
2023-10-17,0.4,0.397,0.401,0.395,41408882
2023-10-18,0.394,0.388,0.395,0.387,55480117
2023-10-19,0.382,0.379,0.384,0.378,60382015
2023-10-20,0.376,0.377,0.379,0.375,34607046
2023-10-23,0.374,0.371,0.374,0.369,19727303
2023-10-24,0.373,0.371,0.375,0.367,57615465
2023-10-25,0.383,0.375,0.385,0.374,82840339
2023-10-26,0.373,0.376,0.378,0.371,45499336
2023-10-27,0.377,0.384,0.385,0.376,72052062
2023-10-30,0.38,0.383,0.386,0.38,70669921
2023-10-31,0.383,0.378,0.383,0.377,39816573
2023-11-01,0.38,0.376,0.381,0.374,35416797
2023-11-02,0.38,0.378,0.384,0.377,42199220
2023-11-03,0.382,0.388,0.39,0.38,67945688
2023-11-06,0.396,0.402,0.404,0.395,74430423
2023-11-07,0.398,0.398,0.402,0.396,46083839
2023-11-08,0.397,0.397,0.403,0.395,52663604
2023-11-09,0.398,0.396,0.399,0.394,41093539
2023-11-10,0.391,0.386,0.392,0.385,53739545
2023-11-13,0.388,0.391,0.393,0.386,49055693
2023-11-14,0.395,0.391,0.396,0.389,41617714
2023-11-15,0.4,0.4,0.402,0.397,59199883
2023-11-16,0.405,0.402,0.406,0.398,76772553
2023-11-17,0.394,0.391,0.396,0.388,76466347
2023-11-20,0.392,0.394,0.397,0.39,56288191
2023-11-21,0.399,0.395,0.402,0.394,63378876
2023-11-22,0.393,0.393,0.399,0.392,46199641
2023-11-23,0.395,0.397,0.398,0.394,45866430
2023-11-24,0.397,0.393,0.398,0.392,26881916
2023-11-27,0.395,0.391,0.396,0.388,36301727
2023-11-28,0.391,0.385,0.391,0.382,51639075
2023-11-29,0.383,0.375,0.384,0.373,55234757
2023-11-30,0.374,0.374,0.376,0.37,53629844
2023-12-01,0.374,0.375,0.375,0.37,40444110
2023-12-04,0.374,0.366,0.375,0.365,36129512
2023-12-05,0.364,0.354,0.365,0.352,67493478
2023-12-06,0.355,0.361,0.364,0.354,77371416
2023-12-07,0.358,0.356,0.359,0.354,41288560
2023-12-08,0.358,0.358,0.362,0.355,68762508
2023-12-11,0.354,0.356,0.358,0.35,67250723
2023-12-12,0.356,0.36,0.361,0.355,46262245
2023-12-13,0.358,0.353,0.359,0.353,39693575
2023-12-14,0.358,0.352,0.36,0.351,55545745
2023-12-15,0.356,0.361,0.365,0.355,109156641
2023-12-18,0.358,0.357,0.359,0.355,49211460
2023-12-19,0.355,0.353,0.356,0.351,44293852
2023-12-20,0.357,0.355,0.359,0.355,47882641
2023-12-21,0.351,0.356,0.357,0.35,59663742
2023-12-22,0.359,0.33,0.361,0.329,175811914
2023-12-25,0.334,0.335,0.336,0.331,36882065
2023-12-26,0.335,0.334,0.337,0.333,26991177
2023-12-27,0.338,0.338,0.34,0.336,56435000
2023-12-28,0.338,0.349,0.352,0.337,92963981
2023-12-29,0.349,0.348,0.352,0.346,50730776
2024-01-02,0.353,0.347,0.355,0.347,47195451
2024-01-03,0.343,0.345,0.346,0.342,36187984
2024-01-04,0.347,0.345,0.349,0.343,30355484
2024-01-05,0.343,0.34,0.347,0.339,46310316
2024-01-08,0.339,0.331,0.34,0.33,46074530
2024-01-09,0.332,0.327,0.334,0.326,67965934
2024-01-10,0.325,0.324,0.33,0.323,54275290
2024-01-11,0.325,0.335,0.336,0.325,89123481
2024-01-12,0.331,0.33,0.335,0.329,52923557
2024-01-15,0.329,0.325,0.33,0.324,59377132
2024-01-16,0.322,0.321,0.327,0.319,61473318
2024-01-17,0.318,0.304,0.319,0.304,64148993
2024-01-18,0.306,0.308,0.309,0.304,89007232
2024-01-19,0.306,0.3,0.31,0.299,81899154
2024-01-22,0.303,0.292,0.304,0.289,83245436
2024-01-23,0.294,0.303,0.306,0.293,135655233
2024-01-24,0.312,0.311,0.316,0.304,122288621
2024-01-25,0.316,0.32,0.321,0.311,92600282
2024-01-26,0.317,0.312,0.319,0.309,75014793
2024-01-29,0.314,0.311,0.318,0.31,63971870
2024-01-30,0.306,0.303,0.308,0.301,54681521
2024-01-31,0.3,0.294,0.304,0.293,70342888
2024-02-01,0.296,0.301,0.306,0.295,92821321
2024-02-02,0.306,0.3,0.31,0.295,97064224
2024-02-05,0.295,0.301,0.305,0.294,122532702
2024-02-06,0.302,0.317,0.317,0.301,130120822
2024-02-07,0.32,0.312,0.324,0.311,89812555
2024-02-08,0.311,0.311,0.316,0.309,73504968
2024-02-19,0.32,0.318,0.321,0.315,58573140
2024-02-20,0.32,0.317,0.321,0.313,37976858
2024-02-21,0.315,0.328,0.332,0.315,105081723
2024-02-22,0.326,0.329,0.33,0.323,66312734
2024-02-23,0.329,0.331,0.335,0.328,68228608
2024-02-26,0.33,0.329,0.332,0.327,51234795
2024-02-27,0.328,0.328,0.329,0.321,78412202
2024-02-28,0.333,0.326,0.337,0.325,96286424
2024-02-29,0.322,0.327,0.328,0.321,97801087
2024-03-01,0.323,0.329,0.33,0.32,113183056
2024-03-04,0.331,0.329,0.333,0.327,81444746
2024-03-05,0.324,0.32,0.326,0.318,62960071
2024-03-06,0.319,0.326,0.33,0.318,88150244
2024-03-07,0.328,0.322,0.33,0.321,51226127
2024-03-08,0.323,0.326,0.328,0.323,57013734
2024-03-11,0.328,0.334,0.335,0.327,71435706
2024-03-12,0.339,0.348,0.349,0.337,93185732
2024-03-13,0.349,0.351,0.355,0.347,71105881
2024-03-14,0.353,0.346,0.355,0.344,56973998
2024-03-15,0.341,0.34,0.342,0.336,52275468
2024-03-18,0.34,0.347,0.348,0.338,72769920
2024-03-19,0.344,0.342,0.346,0.34,53015007
2024-03-20,0.342,0.344,0.345,0.339,49829107
2024-03-21,0.351,0.351,0.355,0.348,67940255
2024-03-22,0.345,0.34,0.346,0.338,69543010
2024-03-25,0.342,0.338,0.344,0.338,59933628
2024-03-26,0.341,0.344,0.344,0.338,48399166
2024-03-27,0.34,0.336,0.341,0.335,57645434
2024-03-28,0.338,0.345,0.35,0.338,79276090
2024-03-29,0.346,0.345,0.347,0.343,18126713
2024-04-01,0.347,0.35,0.35,0.346,34037103
2024-04-02,0.351,0.348,0.351,0.346,48932742
2024-04-03,0.349,0.343,0.349,0.342,33382786
2024-04-08,0.341,0.342,0.346,0.339,57098785
2024-04-09,0.343,0.344,0.347,0.341,38872666
2024-04-10,0.347,0.351,0.355,0.345,83314008
2024-04-11,0.346,0.35,0.351,0.344,59438027
2024-04-12,0.348,0.343,0.35,0.343,56720285
2024-04-15,0.337,0.338,0.339,0.333,55166763
2024-04-16,0.333,0.328,0.336,0.328,55344536
2024-04-17,0.33,0.327,0.333,0.324,78900713
2024-04-18,0.327,0.328,0.332,0.324,55578904
2024-04-19,0.324,0.322,0.325,0.319,56485978
2024-04-22,0.327,0.334,0.335,0.326,75259913
2024-04-23,0.339,0.346,0.347,0.337,75300570
2024-04-24,0.35,0.362,0.363,0.349,100038298
2024-04-25,0.361,0.359,0.368,0.358,82536705
2024-04-26,0.362,0.375,0.38,0.361,118227207
2024-04-29,0.378,0.376,0.386,0.375,116325541
2024-04-30,0.377,0.374,0.379,0.371,78320792
2024-05-06,0.4,0.406,0.407,0.398,118112423
2024-05-07,0.404,0.395,0.405,0.392,88779811
2024-05-08,0.395,0.386,0.399,0.385,95342502
2024-05-09,0.387,0.393,0.396,0.387,94942028
2024-05-10,0.397,0.392,0.401,0.389,102713208
2024-05-13,0.391,0.402,0.404,0.389,98950753
2024-05-14,0.41,0.407,0.414,0.406,92455133
2024-05-15,0.405,0.404,0.406,0.402,23486151
2024-05-16,0.409,0.409,0.412,0.403,104939198
2024-05-17,0.416,0.415,0.423,0.413,104787093
2024-05-20,0.417,0.419,0.421,0.416,74018879
2024-05-21,0.416,0.404,0.416,0.404,65244246
2024-05-22,0.405,0.403,0.408,0.399,78735924
2024-05-23,0.402,0.397,0.402,0.395,57544532
2024-05-24,0.393,0.384,0.396,0.382,85417824
2024-05-27,0.385,0.388,0.388,0.376,73144330
2024-05-28,0.387,0.385,0.393,0.384,73349725
2024-05-29,0.383,0.377,0.384,0.374,68908357
2024-05-30,0.374,0.372,0.381,0.371,59953693
2024-05-31,0.379,0.373,0.383,0.372,78027666
2024-06-03,0.375,0.377,0.379,0.373,76509765
2024-06-04,0.374,0.379,0.38,0.373,55008502
2024-06-05,0.38,0.381,0.387,0.378,65648523
2024-06-06,0.386,0.38,0.388,0.378,78649896
2024-06-07,0.383,0.375,0.384,0.374,65523581
2024-06-11,0.371,0.376,0.377,0.369,63922576
2024-06-12,0.373,0.374,0.377,0.372,41891195
2024-06-13,0.377,0.374,0.378,0.371,50499853
2024-06-14,0.375,0.374,0.376,0.372,39956399
2024-06-17,0.37,0.373,0.376,0.369,50575696
2024-06-18,0.374,0.372,0.377,0.37,44247536
2024-06-19,0.374,0.382,0.383,0.373,65270777
2024-06-20,0.384,0.376,0.384,0.375,54755063
2024-06-21,0.372,0.37,0.373,0.366,52807081
2024-06-24,0.367,0.362,0.368,0.362,46284462
2024-06-25,0.367,0.366,0.372,0.364,54972111
2024-06-26,0.364,0.371,0.373,0.364,59356695
2024-06-27,0.368,0.363,0.369,0.361,43038162
2024-06-28,0.359,0.36,0.365,0.359,48641362
2024-07-01,0.358,0.359,0.36,0.355,28407411
2024-07-02,0.357,0.356,0.362,0.355,54612474
2024-07-03,0.359,0.365,0.367,0.358,60335070
2024-07-04,0.371,0.366,0.373,0.365,44971841
2024-07-05,0.366,0.363,0.368,0.361,47359031
2024-07-08,0.362,0.359,0.364,0.358,23987396
2024-07-09,0.359,0.364,0.365,0.357,46103071
2024-07-10,0.368,0.366,0.372,0.365,47421397
2024-07-11,0.368,0.372,0.372,0.366,52783545
2024-07-12,0.377,0.382,0.383,0.376,56573732
2024-07-15,0.378,0.372,0.379,0.371,49017525
2024-07-16,0.368,0.368,0.369,0.365,46634855
2024-07-17,0.368,0.37,0.372,0.365,52241129
2024-07-18,0.366,0.368,0.369,0.363,47660834
2024-07-19,0.363,0.361,0.365,0.361,48204190
2024-07-22,0.361,0.366,0.367,0.36,54016160
2024-07-23,0.368,0.359,0.368,0.359,42453979
2024-07-24,0.359,0.354,0.363,0.353,38829561
2024-07-25,0.353,0.346,0.354,0.345,47949551
2024-07-26,0.348,0.348,0.351,0.344,53052984
2024-07-29,0.352,0.352,0.354,0.349,51898681
2024-07-30,0.351,0.348,0.351,0.346,42014417
2024-07-31,0.348,0.357,0.358,0.346,81088459
2024-08-01,0.354,0.353,0.355,0.351,51264791
2024-08-02,0.347,0.343,0.35,0.342,55778474
2024-08-05,0.338,0.336,0.347,0.333,89409216
2024-08-06,0.343,0.34,0.345,0.337,60044447
2024-08-07,0.342,0.344,0.347,0.34,65640558
2024-08-08,0.341,0.343,0.347,0.338,70921017
2024-08-09,0.348,0.346,0.351,0.345,50957117
2024-08-12,0.347,0.344,0.347,0.34,46779011
2024-08-13,0.345,0.346,0.348,0.343,42083413
2024-08-14,0.346,0.34,0.347,0.339,36172743
2024-08-15,0.338,0.339,0.344,0.336,58551785
2024-08-16,0.345,0.348,0.35,0.344,65569931
2024-08-19,0.354,0.352,0.357,0.351,44117545
2024-08-20,0.355,0.35,0.356,0.35,26322564
2024-08-21,0.342,0.342,0.343,0.337,48232043
2024-08-22,0.347,0.346,0.347,0.341,40710466
2024-08-23,0.341,0.341,0.342,0.338,45595976
2024-08-26,0.344,0.346,0.349,0.343,38682414
2024-08-27,0.341,0.343,0.343,0.338,45556038
2024-08-28,0.342,0.338,0.342,0.337,35807036
2024-08-29,0.335,0.342,0.343,0.334,58066073
2024-08-30,0.343,0.35,0.354,0.341,94100620
2024-09-02,0.347,0.342,0.348,0.342,52427370
2024-09-03,0.343,0.344,0.348,0.342,52758957
2024-09-04,0.341,0.343,0.345,0.339,46969283
2024-09-05,0.344,0.343,0.346,0.342,43326244
2024-09-06,0.344,0.341,0.345,0.341,12661041
2024-09-09,0.34,0.339,0.342,0.338,27458666
2024-09-10,0.342,0.342,0.343,0.337,42960932
2024-09-11,0.34,0.34,0.341,0.337,39164781
2024-09-12,0.343,0.346,0.349,0.342,61606204
2024-09-13,0.345,0.344,0.349,0.343,36492438
2024-09-18,0.348,0.348,0.349,0.345,19967579
2024-09-19,0.349,0.36,0.361,0.347,86229133
2024-09-20,0.359,0.361,0.366,0.356,103533083
2024-09-23,0.362,0.36,0.366,0.359,76698175
2024-09-24,0.369,0.379,0.38,0.365,122894268
2024-09-25,0.393,0.382,0.394,0.38,115526955
2024-09-26,0.388,0.409,0.41,0.386,160265431
2024-09-27,0.422,0.434,0.438,0.422,43512962
2024-09-30,0.456,0.476,0.477,0.447,307297413
2024-10-08,0.524,0.481,0.524,0.457,484096159
2024-10-09,0.477,0.453,0.484,0.444,412901696
2024-10-10,0.467,0.463,0.475,0.459,270494261
2024-10-11,0.463,0.451,0.464,0.446,105848014
2024-10-14,0.458,0.455,0.46,0.442,213741335
2024-10-15,0.452,0.431,0.458,0.43,163925941
2024-10-16,0.427,0.432,0.439,0.426,187728680
2024-10-17,0.436,0.428,0.445,0.427,154740771
2024-10-18,0.426,0.443,0.453,0.421,292294701
2024-10-21,0.444,0.434,0.447,0.432,152414767
2024-10-22,0.436,0.435,0.44,0.432,112616714
2024-10-23,0.437,0.443,0.449,0.435,130900611
2024-10-24,0.438,0.431,0.438,0.429,94751806
2024-10-25,0.432,0.432,0.438,0.431,84584720
2024-10-28,0.434,0.44,0.441,0.432,80273356
2024-10-29,0.446,0.444,0.452,0.442,105694967
2024-10-30,0.441,0.436,0.443,0.434,71840492
2024-10-31,0.436,0.434,0.439,0.433,70433604
2024-11-01,0.436,0.434,0.44,0.433,82939749
2024-11-04,0.437,0.437,0.439,0.433,45926678
2024-11-05,0.434,0.448,0.448,0.434,109071720
2024-11-06,0.448,0.444,0.451,0.439,113259248
2024-11-07,0.443,0.457,0.457,0.441,113307293
2024-11-08,0.468,0.454,0.471,0.453,124514678
2024-11-11,0.442,0.448,0.451,0.439,109774777
2024-11-12,0.448,0.436,0.454,0.434,104433417
2024-11-13,0.431,0.431,0.433,0.426,89332347
2024-11-14,0.43,0.423,0.438,0.423,95899772
2024-11-15,0.426,0.426,0.432,0.423,94092330
2024-11-18,0.431,0.425,0.432,0.423,85733551
2024-11-19,0.428,0.429,0.43,0.424,68098543
2024-11-20,0.428,0.434,0.436,0.426,73935920
2024-11-21,0.433,0.429,0.433,0.427,60878006
2024-11-22,0.427,0.414,0.428,0.413,87493105
2024-11-25,0.416,0.412,0.418,0.409,72787530
2024-11-26,0.411,0.415,0.419,0.411,64318952
2024-11-27,0.416,0.425,0.426,0.413,68095064
2024-11-28,0.427,0.421,0.428,0.42,56710278
2024-11-29,0.422,0.422,0.431,0.42,90121964
2024-12-02,0.423,0.429,0.431,0.422,69849749
2024-12-03,0.431,0.429,0.433,0.423,71811830
2024-12-04,0.429,0.427,0.432,0.425,65387009
2024-12-05,0.424,0.424,0.426,0.422,40869128
2024-12-06,0.426,0.434,0.435,0.423,76498912
2024-12-09,0.432,0.434,0.437,0.43,50647129
2024-12-10,0.468,0.446,0.47,0.445,164620353
2024-12-11,0.446,0.439,0.449,0.437,90920628
2024-12-12,0.441,0.449,0.451,0.437,90683553
2024-12-13,0.442,0.436,0.443,0.435,58547834
2024-12-16,0.435,0.428,0.437,0.427,48039857
2024-12-17,0.427,0.428,0.435,0.423,76719468
2024-12-18,0.432,0.432,0.434,0.429,39674068
2024-12-19,0.427,0.432,0.432,0.424,52488825
2024-12-20,0.428,0.426,0.43,0.424,69396554
2024-12-23,0.428,0.425,0.43,0.423,43560961
2024-12-24,0.426,0.428,0.429,0.424,48270222
2024-12-25,0.428,0.428,0.43,0.427,16863102
2024-12-26,0.428,0.428,0.429,0.427,5409809
2024-12-27,0.428,0.426,0.43,0.423,61724779
2024-12-30,0.427,0.425,0.428,0.423,34053512
2024-12-31,0.422,0.417,0.424,0.416,41033689
2025-01-02,0.417,0.411,0.419,0.41,57591127
2025-01-03,0.414,0.41,0.417,0.409,66402541
2025-01-06,0.414,0.41,0.415,0.409,40483073
2025-01-07,0.407,0.404,0.411,0.401,54098132
2025-01-08,0.406,0.403,0.409,0.399,58009164
2025-01-09,0.403,0.404,0.408,0.402,38719834
2025-01-10,0.405,0.396,0.406,0.395,44196967
2025-01-13,0.392,0.392,0.393,0.388,40572355
2025-01-14,0.392,0.406,0.407,0.392,86054024
2025-01-15,0.404,0.405,0.408,0.402,44538795
2025-01-16,0.41,0.411,0.417,0.406,71035318
2025-01-17,0.409,0.413,0.414,0.407,44445956
2025-01-20,0.42,0.425,0.429,0.42,88428134
2025-01-21,0.428,0.427,0.429,0.422,55898205
2025-01-22,0.422,0.416,0.423,0.414,60681355
2025-01-23,0.42,0.413,0.423,0.413,55627891
2025-01-24,0.415,0.423,0.424,0.415,65191686
2025-01-27,0.427,0.433,0.436,0.427,67030310
2025-02-05,0.453,0.453,0.459,0.446,127215596
2025-02-06,0.453,0.459,0.46,0.45,73127837
2025-02-07,0.46,0.468,0.473,0.459,110605030
2025-02-10,0.473,0.484,0.486,0.472,118578574
2025-02-11,0.489,0.478,0.489,0.476,96036644
2025-02-12,0.481,0.483,0.486,0.476,97199860
2025-02-13,0.489,0.499,0.515,0.488,223224092
2025-02-14,0.497,0.514,0.514,0.495,176995322
2025-02-17,0.528,0.516,0.536,0.504,224434386
2025-02-18,0.516,0.525,0.538,0.515,188619721
2025-02-19,0.522,0.525,0.526,0.516,124762510
2025-02-20,0.517,0.506,0.518,0.503,118117077
2025-02-21,0.523,0.535,0.537,0.514,151320882
2025-02-24,0.536,0.535,0.542,0.525,119677227
2025-02-25,0.51,0.511,0.52,0.507,114213816
2025-02-26,0.518,0.535,0.537,0.517,121621979
2025-02-27,0.533,0.528,0.539,0.517,113577409
2025-02-28,0.522,0.498,0.523,0.498,98924917
2025-03-03,0.503,0.5,0.515,0.497,105149173
2025-03-04,0.491,0.504,0.506,0.488,87398822
2025-03-05,0.509,0.517,0.518,0.505,91053909
2025-03-06,0.535,0.558,0.56,0.534,150513480
2025-03-07,0.554,0.557,0.574,0.55,158563436
2025-03-10,0.557,0.545,0.561,0.538,96716282
2025-03-11,0.533,0.54,0.547,0.53,114926911
2025-03-12,0.553,0.536,0.554,0.536,84394868
2025-03-13,0.539,0.525,0.541,0.52,95523549
2025-03-14,0.534,0.546,0.547,0.528,112664894
2025-03-17,0.55,0.542,0.551,0.54,62845797
2025-03-18,0.556,0.558,0.56,0.552,79838145
2025-03-19,0.557,0.559,0.562,0.551,68978009
2025-03-20,0.553,0.536,0.554,0.535,92288186
2025-03-21,0.533,0.521,0.538,0.518,93342514
2025-03-24,0.52,0.519,0.522,0.512,68564992
2025-03-25,0.517,0.509,0.522,0.508,65594969
2025-03-26,0.51,0.51,0.515,0.507,58743966
2025-03-27,0.513,0.515,0.521,0.506,70374070
2025-03-28,0.52,0.508,0.522,0.505,65973805
2025-03-31,0.503,0.497,0.504,0.493,56424753
2025-04-01,0.502,0.507,0.51,0.501,73644854
2025-04-02,0.504,0.509,0.514,0.503,58327704
2025-04-03,0.499,0.498,0.506,0.495,63405027
2025-04-07,0.46,0.448,0.462,0.448,61445580
2025-04-08,0.444,0.433,0.447,0.423,140087372
2025-04-09,0.419,0.438,0.443,0.413,167494217
2025-04-10,0.456,0.452,0.469,0.451,162441508
2025-04-11,0.449,0.456,0.462,0.444,129213433
2025-04-14,0.466,0.462,0.47,0.46,79778947
2025-04-15,0.467,0.463,0.469,0.46,65794762
2025-04-16,0.457,0.448,0.458,0.444,70717894
2025-04-17,0.446,0.452,0.456,0.445,61207233
2025-04-18,0.449,0.449,0.45,0.447,12913090
2025-04-21,0.449,0.453,0.454,0.447,30636199
2025-04-22,0.451,0.451,0.454,0.446,65773875
2025-04-23,0.466,0.464,0.467,0.459,66622004
2025-04-24,0.463,0.454,0.464,0.452,56474487
2025-04-25,0.46,0.461,0.467,0.459,75171553
2025-04-28,0.462,0.461,0.462,0.457,35847807
2025-04-29,0.46,0.461,0.467,0.458,49969259
2025-04-30,0.463,0.467,0.467,0.46,52196952
2025-05-06,0.477,0.485,0.485,0.475,77850877
2025-05-07,0.496,0.481,0.499,0.479,83370273
2025-05-08,0.476,0.479,0.485,0.475,52075270
2025-05-09,0.481,0.474,0.482,0.471,51539541
2025-05-12,0.483,0.484,0.487,0.48,67853483
2025-05-13,0.491,0.481,0.493,0.48,49703814
2025-05-14,0.485,0.49,0.491,0.484,61162901
2025-05-15,0.488,0.483,0.491,0.481,48663659
2025-05-16,0.479,0.48,0.483,0.479,35290260
2025-05-19,0.476,0.476,0.478,0.47,48122359
2025-05-20,0.476,0.48,0.482,0.474,44569562
2025-05-21,0.481,0.483,0.486,0.48,41298274
2025-05-22,0.481,0.473,0.481,0.472,45841974
2025-05-23,0.475,0.471,0.479,0.471,43729843
2025-05-26,0.471,0.466,0.471,0.465,37119589
2025-05-27,0.464,0.468,0.47,0.461,43294867
2025-05-28,0.472,0.467,0.473,0.466,24461322
2025-05-29,0.469,0.481,0.482,0.468,55516378
2025-05-30,0.475,0.468,0.476,0.467,48988837
2025-06-03,0.469,0.467,0.473,0.465,38798212
2025-06-04,0.467,0.471,0.473,0.465,39964216
2025-06-05,0.476,0.481,0.482,0.475,59814323
2025-06-06,0.482,0.484,0.484,0.48,31304586
2025-06-09,0.487,0.498,0.502,0.486,55605193
2025-06-10,0.501,0.494,0.502,0.49,50159880
2025-06-11,0.497,0.503,0.505,0.496,46803283
2025-06-12,0.497,0.496,0.5,0.494,39501994
2025-06-13,0.492,0.484,0.495,0.484,46143565
2025-06-16,0.483,0.491,0.492,0.482,38864611
2025-06-17,0.494,0.492,0.498,0.491,37427792
2025-06-18,0.49,0.487,0.491,0.483,28118841
2025-06-19,0.485,0.475,0.487,0.473,38760131
2025-06-20,0.477,0.474,0.478,0.473,22897138
2025-06-23,0.471,0.48,0.48,0.469,40255861
2025-06-24,0.484,0.489,0.49,0.483,42541377
2025-06-25,0.492,0.494,0.495,0.49,37551055
2025-06-26,0.49,0.492,0.495,0.488,33763809
2025-06-27,0.494,0.493,0.499,0.492,48551237
2025-06-30,0.493,0.494,0.497,0.492,27242430
2025-07-01,0.493,0.492,0.494,0.492,10992078
2025-07-02,0.495,0.487,0.496,0.485,41645030
2025-07-03,0.487,0.48,0.487,0.477,45570584
2025-07-04,0.479,0.481,0.489,0.474,66114951
2025-07-07,0.479,0.48,0.483,0.476,37385824
2025-07-08,0.484,0.491,0.492,0.483,58797910
2025-07-09,0.49,0.486,0.491,0.484,45092670
2025-07-10,0.483,0.484,0.484,0.48,47705366
2025-07-11,0.483,0.487,0.492,0.482,70514507
2025-07-14,0.484,0.486,0.488,0.482,37636547
2025-07-15,0.489,0.502,0.503,0.488,93261036
2025-07-16,0.51,0.509,0.518,0.506,85621927
2025-07-17,0.506,0.508,0.51,0.504,55393843
2025-07-18,0.516,0.515,0.521,0.513,59870499
2025-07-21,0.524,0.522,0.526,0.519,52837442
2025-07-22,0.522,0.518,0.525,0.516,51546537
2025-07-23,0.526,0.538,0.541,0.523,110034777
2025-07-24,0.537,0.537,0.54,0.533,75116558
2025-07-25,0.533,0.526,0.533,0.524,60708103
2025-07-28,0.529,0.526,0.531,0.525,52701655
2025-07-29,0.524,0.524,0.525,0.518,53337863
2025-07-30,0.52,0.519,0.528,0.516,71181641
2025-07-31,0.516,0.523,0.531,0.516,107929024
2025-08-01,0.525,0.52,0.529,0.518,62128301
2025-08-04,0.514,0.524,0.524,0.51,66895732
2025-08-05,0.526,0.529,0.529,0.522,50580140
2025-08-06,0.528,0.531,0.534,0.525,46752498
2025-08-07,0.534,0.532,0.536,0.528,47876052
2025-08-08,0.529,0.524,0.53,0.524,43439486
2025-08-11,0.527,0.526,0.528,0.523,34583785
2025-08-12,0.524,0.516,0.525,0.514,62791460
2025-08-13,0.522,0.533,0.533,0.521,77227389
2025-08-14,0.538,0.531,0.54,0.53,63174832
2025-08-15,0.526,0.53,0.531,0.525,66114096
2025-08-18,0.532,0.536,0.54,0.531,64046123
2025-08-19,0.535,0.535,0.539,0.53,63304771
2025-08-20,0.53,0.53,0.53,0.523,63247538
2025-08-21,0.53,0.523,0.53,0.522,47873186
2025-08-22,0.526,0.528,0.529,0.522,54986141
2025-08-25,0.539,0.553,0.553,0.539,104728968
2025-08-26,0.546,0.548,0.554,0.545,57000092
2025-08-27,0.549,0.538,0.555,0.536,87520328
2025-08-28,0.533,0.527,0.534,0.52,98735689
2025-08-29,0.53,0.53,0.533,0.525,79502291
2025-09-01,0.544,0.54,0.546,0.537,74424429
2025-09-02,0.54,0.532,0.54,0.53,61394905
2025-09-03,0.536,0.529,0.538,0.529,58228137
2025-09-04,0.533,0.521,0.535,0.52,74357927
2025-09-05,0.523,0.534,0.534,0.522,53846025
2025-09-08,0.534,0.544,0.544,0.533,68467964
2025-09-09,0.546,0.545,0.552,0.543,63788923
2025-09-10,0.552,0.557,0.564,0.552,105999106
2025-09-11,0.551,0.559,0.559,0.547,79018074
2025-09-12,0.57,0.57,0.577,0.569,92486753
2025-09-15,0.57,0.573,0.58,0.568,82331688
2025-09-16,0.577,0.577,0.581,0.569,75717833
2025-09-17,0.582,0.605,0.606,0.582,139897700
2025-09-18,0.607,0.595,0.616,0.587,206513780
2025-09-19,0.598,0.596,0.607,0.592,121666098
2025-09-22,0.594,0.595,0.599,0.591,77499131
2025-09-23,0.595,0.584,0.596,0.578,84017099
2025-09-24,0.58,0.601,0.602,0.579,117199452
2025-09-25,0.602,0.608,0.617,0.601,114604542
2025-09-26,0.601,0.595,0.604,0.594,71837707
2025-09-29,0.593,0.605,0.605,0.592,87962008
2025-09-30,0.608,0.619,0.62,0.605,76019613
2025-10-09,0.621,0.615,0.624,0.607,121783068
2025-10-10,0.608,0.595,0.609,0.593,90068632
2025-10-13,0.576,0.58,0.59,0.57,128467759
2025-10-14,0.587,0.562,0.591,0.56,123679150
2025-10-15,0.568,0.574,0.575,0.562,104899078
2025-10-16,0.572,0.568,0.577,0.565,67664506
2025-10-17,0.569,0.549,0.569,0.548,82748432
2025-10-20,0.565,0.562,0.567,0.558,83227353
2025-10-21,0.572,0.575,0.58,0.57,76906848
2025-10-22,0.567,0.563,0.567,0.559,57924962
2025-10-23,0.559,0.569,0.57,0.552,89660504
2025-10-24,0.574,0.572,0.575,0.569,59275216
2025-10-27,0.585,0.587,0.587,0.581,74789409
2025-10-28,0.588,0.58,0.589,0.579,61043522
2025-10-29,0.584,0.586,0.586,0.582,25323815
2025-10-30,0.586,0.575,0.589,0.573,101575528
2025-10-31,0.575,0.569,0.578,0.568,56316828
2025-11-03,0.569,0.569,0.571,0.562,68460673
2025-11-04,0.566,0.559,0.571,0.556,67703552
2025-11-05,0.551,0.556,0.559,0.545,93563318
2025-11-06,0.558,0.567,0.567,0.556,62332996
2025-11-07,0.561,0.555,0.562,0.553,54928157
2025-11-10,0.558,0.562,0.563,0.556,55769547
2025-11-11,0.565,0.558,0.566,0.556,43181097
2025-11-12,0.56,0.559,0.563,0.556,43403894
2025-11-13,0.555,0.566,0.569,0.552,62972031
2025-11-14,0.553,0.547,0.554,0.546,83653771
2025-11-17,0.542,0.537,0.548,0.537,57313622
2025-11-18,0.535,0.531,0.542,0.53,55202952
2025-11-19,0.535,0.531,0.537,0.527,49032259
2025-11-20,0.535,0.526,0.537,0.524,62505089
2025-11-21,0.517,0.515,0.521,0.508,108282330
2025-11-24,0.519,0.53,0.532,0.517,104072499
2025-11-25,0.538,0.533,0.543,0.531,81336740
2025-11-26,0.536,0.535,0.54,0.533,50357307
2025-11-27,0.533,0.528,0.537,0.528,62042658
2025-11-28,0.53,0.531,0.533,0.528,37127383
2025-12-01,0.53,0.535,0.537,0.528,52908333
2025-12-02,0.54,0.532,0.541,0.53,47414124
2025-12-03,0.53,0.523,0.53,0.522,35987448
2025-12-04,0.524,0.528,0.528,0.52,52016134
2025-12-05,0.525,0.534,0.535,0.523,58310356
2025-12-08,0.534,0.534,0.537,0.532,42691723
2025-12-09,0.534,0.527,0.535,0.524,39100818
2025-12-10,0.524,0.529,0.529,0.52,44249549
2025-12-11,0.532,0.525,0.533,0.524,53709710
2025-12-12,0.529,0.535,0.536,0.527,56444697
2025-12-15,0.529,0.524,0.529,0.523,39240671
2025-12-16,0.521,0.513,0.521,0.509,55278269
2025-12-17,0.513,0.517,0.519,0.511,54665289
2025-12-18,0.512,0.512,0.515,0.509,37885317
2025-12-19,0.517,0.52,0.523,0.515,53384998
2025-12-22,0.522,0.521,0.525,0.52,30490195
2025-12-23,0.521,0.517,0.522,0.515,31412460
2025-12-24,0.516,0.516,0.519,0.515,20618471
2025-12-25,0.516,0.517,0.517,0.515,10981729
2025-12-26,0.517,0.52,0.52,0.516,22351993
2025-12-29,0.52,0.515,0.524,0.514,49237558
2025-12-30,0.514,0.522,0.522,0.513,43142963
2025-12-31,0.519,0.516,0.52,0.514,33540685
2026-01-05,0.53,0.538,0.54,0.529,83716560
2026-01-06,0.541,0.546,0.548,0.54,59291362
2026-01-07,0.543,0.538,0.544,0.535,49752128
2026-01-08,0.535,0.531,0.537,0.528,43355705
2026-01-09,0.535,0.535,0.54,0.532,49936310
2026-01-12,0.538,0.553,0.554,0.537,83704488
2026-01-13,0.568,0.554,0.57,0.552,89500600
2026-01-14,0.558,0.559,0.565,0.553,97699967
2026-01-15,0.557,0.553,0.563,0.55,66616849
2026-01-16,0.558,0.551,0.56,0.55,41288039
2026-01-19,0.547,0.543,0.549,0.543,30886470
2026-01-20,0.542,0.54,0.546,0.536,45116676
2026-01-21,0.536,0.54,0.542,0.535,44153966
2026-01-22,0.546,0.543,0.548,0.54,33961788
2026-01-23,0.549,0.548,0.551,0.544,37650122
2026-01-26,0.549,0.541,0.549,0.538,41786285
2026-01-27,0.542,0.545,0.545,0.537,42095851
2026-01-28,0.547,0.555,0.556,0.545,77737349
2026-01-29,0.552,0.552,0.56,0.549,72320955
2026-01-30,0.549,0.543,0.549,0.541,44399061
2026-02-02,0.535,0.522,0.536,0.521,67066904
2026-02-03,0.529,0.519,0.53,0.504,111261301
2026-02-04,0.511,0.508,0.512,0.501,86915082
2026-02-05,0.499,0.506,0.507,0.495,88207002
2026-02-06,0.497,0.5,0.505,0.495,72982207
2026-02-09,0.508,0.507,0.51,0.502,71382195
2026-02-10,0.508,0.507,0.513,0.505,50092781
2026-02-11,0.507,0.51,0.512,0.507,39351485
2026-02-12,0.505,0.502,0.506,0.499,58963909
2026-02-13,0.495,0.499,0.499,0.494,39471682
2026-02-24,0.496,0.482,0.497,0.481,61134081
2026-02-25,0.484,0.479,0.485,0.478,46578689
2026-02-26,0.48,0.468,0.48,0.465,58024928
2026-02-27,0.465,0.469,0.473,0.464,61495577
2026-03-02,0.461,0.452,0.461,0.45,74195343
2026-03-03,0.455,0.446,0.456,0.444,78457780
2026-03-04,0.441,0.437,0.447,0.434,103614525
2026-03-05,0.444,0.437,0.446,0.434,74434325
2026-03-06,0.437,0.45,0.452,0.436,85921211
2026-03-09,0.438,0.445,0.448,0.435,90195487
2026-03-10,0.454,0.455,0.458,0.449,75455032
2026-03-11,0.461,0.454,0.461,0.452,55389373
2026-03-12,0.452,0.449,0.457,0.446,52550008
2026-03-13,0.448,0.45,0.454,0.447,54924819
2026-03-16,0.451,0.459,0.46,0.446,80458341
2026-03-17,0.461,0.458,0.467,0.457,66432101
2026-03-18,0.458,0.461,0.463,0.454,79631951
2026-03-19,0.452,0.45,0.456,0.448,58133460
2026-03-20,0.445,0.435,0.447,0.434,75502171
2026-03-23,0.427,0.418,0.43,0.416,80253551
2026-03-24,0.425,0.427,0.428,0.419,77857502
2026-03-25,0.432,0.434,0.441,0.426,115319577
2026-03-26,0.435,0.427,0.437,0.425,46601962
2026-03-27,0.423,0.428,0.432,0.421,80982969
2026-03-30,0.419,0.418,0.421,0.413,75199685
2026-03-31,0.419,0.414,0.421,0.412,66074773
2026-04-01,0.424,0.424,0.425,0.418,65163280
2026-04-02,0.419,0.412,0.42,0.411,49678728
2026-04-03,0.415,0.411,0.416,0.41,14748048
2026-04-07,0.411,0.412,0.414,0.411,10875134
2026-04-08,0.424,0.432,0.433,0.422,96477187
2026-04-09,0.428,0.427,0.429,0.425,47006526
2026-04-10,0.427,0.427,0.434,0.426,67983376
2026-04-13,0.422,0.42,0.423,0.418,34210527
2026-04-14,0.426,0.423,0.428,0.419,46798919
2026-04-15,0.431,0.43,0.436,0.429,65637786
2026-04-16,0.436,0.445,0.447,0.435,68900162
2026-04-17,0.443,0.442,0.446,0.439,34633102
2026-04-20,0.443,0.446,0.449,0.44,57031722
2026-04-21,0.447,0.444,0.449,0.441,38781484
2026-04-22,0.44,0.436,0.441,0.433,50400800
2026-04-23,0.434,0.429,0.435,0.428,37675949
2026-04-24,0.425,0.427,0.43,0.421,49969067
2026-04-27,0.429,0.426,0.43,0.425,35853698
2026-04-28,0.423,0.419,0.425,0.417,39941360
2026-04-29,0.421,0.422,0.424,0.419,41196314
2026-04-30,0.42,0.419,0.421,0.417,29098265
2026-05-06,0.425,0.426,0.43,0.421,58715774
2026-05-07,0.434,0.438,0.44,0.434,59111586
2026-05-08,0.436,0.441,0.442,0.435,40213305
2026-05-11,0.438,0.436,0.438,0.432,43415062
2026-05-12,0.436,0.433,0.44,0.432,4895979872
2026-05-13,0.431,0.436,0.439,0.43,4871883135
2026-05-14,0.436,0.438,0.452,0.436,83037384
2026-05-15,0.433,0.425,0.434,0.421,66849846
2026-05-18,0.421,0.417,0.422,0.416,31074455
2026-05-19,0.417,0.424,0.426,0.417,59009070
2026-05-20,0.421,0.418,0.423,0.416,4215961100
2026-05-21,0.421,0.407,0.422,0.406,6423651293
2026-05-22,0.41,0.411,0.413,0.407,5015876679
